PERSON,IN_ROUNDEL
P001,CRN001
P002,CRN002
P003,CRN003
P004,CRN004
P005,CRN005
P006,CRN006
P007,CRN007
P008,CRN008
P009,CRN009
P010,CRN010
P011,CRN011
P012,CRN012
P013,CRN013
P014,CRN014
P015,CRN015
P016,CRN016
P017,CRN017
P018,CRN018
P019,CRN019
P020,CRN020
P021,CRN021
P022,CRN022
P023,CRN023
P024,CRN024
P025,CRN025
P026,CRN026
P027,CRN027
P028,CRN028
P029,CRN029
P030,CRN030
P031,CRN031
P032,CRN032
P033,CRN033
P034,CRN034
P035,CRN035
P036,CRN036
P037,CRN037
P038,CRN038
P039,CRN039
P040,CRN040
P041,CRN041
P042,CRN042
P043,CRN043
P044,CRN044
P045,CRN045
P046,CRN046
P047,CRN046
P048,CRN047
P049,CRN048
P050,CRN049
P051,CRN050
P052,CRN051
P053,CRN052
P054,CRN053
P055,CRN199
P056,CRN055
P057,CRN056
P058,CRN057
P059,CRN058
P060,CRN059
P061,CRN060
P062,CRN061
P063,CRN206
P064,CRN063
P065,CRN064
P066,CRN065
P067,CRN066
P068,CRN067
P069,CRN068
P070,CRN069
P071,CRN070
P072,CRN289
P073,CRN299
P074,CRN073
P075,CRN074
P076,CRN075
P077,CRN076
P078,CRN077
P079,CRN078
P080,CRN079
P081,CRN307
P082,CRN081
P083,CRN082
P084,CRN083
P085,CRN084
P086,CRN085
P087,CRN086
P088,CRN087
P089,CRN088
P090,CRN248
P091,CRN045
P092,CRN091
P093,CRN092
P094,CRN093
P095,CRN094
P096,CRN095
P097,CRN096
P098,CRN097
P099,CRN098
P100,CRN099
P101,CRN100
P101,MARN100
P102,CRN101
P103,CRN105
P104,CRN102
P105,CRN103
P106,CRN104
P107,CRN106
P108,CRN107
P109,CRN108
P110,CRN109
P111,CRN110
P112,CRN111
P113,CRN112
P114,CRN113
P115,CRN114
P116,CRN115
P117,CRN116
P118,CRN117
P119,CRN118
P120,CRN119
P121,CRN120
P122,CRN121
P123,CRN122
P124,CRN123
P125,CRN124
P126,CRN125
P127,CRN126
P128,CRN127
P129,CRN128
P130,CRN129
P131,CRN130
P132,CRN131
P133,CRN132
P134,CRN133
P135,CRN134
P136,CRN135
P137,CRN136
P138,CRN137
P139,CRN138
P140,CRN139
P141,CRN140
P142,CRN141
P143,CRN142
P144,CRN143
P145,CRN176
P146,CRN145
P147,CRN146
P148,CRN202
P149,CRN148
P150,CRN149
P151,CRN150
P152,CRN151
P153,CRN152
P154,CRN153
P155,CRN154
P156,CRN155
P157,CRN156
P158,CRN157
P159,CRN158
P160,CRN159
P161,CRN160
P162,CRN161
P163,CRN162
P164,CRN202
P165,CRN164
P166,CRN165
P167,CRN166
P168,CRN167
P169,CRN168
P170,CRN169
P171,CRN170
P172,CRN171
P173,CRN172
P174,CRN173
P175,CRN174
P176,CRN175
P177,CRN176
P178,CRN177
P179,CRN184
P180,CRN179
P181,CRN180
P182,CRN184
P183,CRN182
P183,CRN183
P184,CRN184
P185,CRN185
P186,CRN186
P187,CRN187
P188,CRN188
P189,CRN189
P190,CRN190
P191,CRN191
P192,CRN192
P193,CRN193
P194,CRN194
P195,CRN195
P196,CRN196
P197,CRN197
P198,CRN198
P199,CRN199
P200,CRN200
P201,CRN211
P202,CRN202
P203,CRN203
P204,CRN204
P205,CRN205
P206,CRN206
P207,CRN207
P208,CRN208
P209,CRN209
P210,CRN210
P211,CRN211
P212,CRN212
P213,CRN213
P214,CRN214
P215,CRN215
P216,CRN216
P217,CRN217
P218,CRN218
P219,CRN219
P220,CRN220
P221,CRN221
P222,CRN222
P223,CRN223
P224,CRN224
P225,CRN225
P226,CRN226
P227,CRN227
P228,CRN228
P229,CRN229
P230,CRN230
P231,CRN231
P232,CRN232
P233,CRN233
P234,CRN234
P235,CRN235
P236,CRN236
P237,CRN237
P238,CRN238
P239,CRN239
P240,CRN240
P241,CRN241
P242,CRN242
P243,CRN243
P244,CRN244
P245,CRN245
P246,CRN246
P247,CRN247
P248,CRN093
P249,CRN249
P250,CRN250
P251,CRN251
P252,CRN252
P253,CRN253
P254,CRN254
P255,CRN255
P256,CRN256
P257,CRN257
P258,CRN258
P259,CRN259
P260,CRN260
P261,CRN261
P262,CRN262
P263,CRN263
P264,CRN264
P265,CRN265
P266,CRN266
P267,CRN267
P268,CRN268
P269,CRN269
P270,CRN270
P271,CRN271
P272,CRN272
P273,CRN273
P274,CRN274
P275,CRN275
P276,CRN276
P277,CRN277
P277,CRN281
P278,CRN278
P279,CRN279
P280,CRN280
P282,CRN282
P283,CRN283
P284,CRN284
P285,CRN285
P286,CRN286
P287,CRN287
P288,CRN288
P289,CRN289
P290,CRN290
P291,CRN291
P292,CRN292
P293,CRN293
P294,CRN294
P295,CRN295
P296,CRN296
P297,CRN297
P298,CRN298
P299,CRN299
P300,CRN300
P301,CRN301
P302,CRN302
P303,CRN303
P304,CRN304
P305,CRN305
P306,CRN340
P307,CRN307
P308,CRN308
P309,CRN309
P310,CRN310
P311,CRN311
P312,CRN312
P313,CRN313
P314,CRN314
P315,CRN315
P316,CRN316
P317,CRN317
P318,CRN319
P319,CRN320
P320,CRN321
P321,CRN322
P322,CRN323
P323,CRN324
P324,CRN325
P325,CRN326
P326,CRN327
P327,CRN328
P328,CRN329
P329,CRN330
P330,CRN331
P331,CRN332
P332,CRN333
P333,CRN334
P334,CRN335
P335,CRN336
P336,CRN337
P337,CRN338
P338,CRN339
P339,CRN340
P340,CRN341
P341,CRN342
P342,CRN343
P343,CRN344
P344,CRN350
P345,CRN346
P346,CRN347
P347,CRN348
P348,CRN349
P349,CRN350
P350,CRN351
P351,CRN352
P352,CRN353
P353,CRN354
P354,CRN355
P355,CRN356
P356,CRN357
P357,CRN358
P358,CRN359
P359,CRN360
P360,CRN361
P361,CRN362
P362,CRN363
P363,CRN364
P364,CRN365
P365,CRN366
P366,CRN367
P367,CRN368
P368,CRN369
P369,CRN370
P370,CRN371
P371,CRN372
P372,CRN373
P373,CRN375
P374,CRN375
P375,CRN376
P376,CRN377
P377,CRN378
P378,CRN379
P379,CRN380
P380,CRN381
P381,CRN382
P382,CRN383
P383,CRN384
P384,CRN385
P385,CRN386
P386,CRN387
P387,CRN388
P388,CRN389
P389,CRN390
P390,CRN391
P391,CRN392
P392,CRN393
P393,CRN394
P394,CRN395
P395,CRN396
P396,CRN397
P397,CRN400
P398,CRN399
P399,CRN400
P400,CRN416
P401,CRN402
P402,CRN403
P403,CRN404
P403,CRN404
P404,CRN405
P405,CRN406
P406,CRN407
P406,CRN410
P407,CRN408
P407,CRN411
P410,CRN412
P411,CRN475
P412,CRN414
P413,CRN415
P414,CRN416
P415,CRN615
P415,CRN615
P415,CRN616
P417,CRN420
P418,CRN475
P419,CRN423
P420,CRN424
P420,CRN426
P421,CRN422
P422,CRN427
P422,CRN427
P423,CRN428
P424,CRN430
P425,CRN431
P426,CRN432
P427,CRN433
P428,CRN434
P429,CRN435
P429,CRN622
P430,CRN436
P431,CRN437
P432,CRN438
P432,CRN448
P433,CRN439
P433,CRN443
P434,CRN440
P435,CRN441
P436,CRN442
P437,CRN444
P438,CRN445
P439,CRN446
P440,CRN447
P441,CRN449
P442,CRN450
P443,CRN451
P444,CRN611
P444,CRN461
P445,CRN453
P446,CRN454
P447,CRN455
P448,CRN456
P449,CRN457
P450,CRN458
P451,CRN459
P452,CRN460
P453,CRN529
P454,CRN463
P455,CRN464
P456,CRN465
P457,CRN466
P458,CRN467
P459,CRN468
P460,CRN469
P461,CRN470
P462,CRN471
P463,CRN472
P464,CRN473
P465,CRN494
P466,CRN475
P467,CRN561
P468,CRN477
P469,CRN478
P470,CRN479
P471,CRN480
P472,CRN481
P473,CRN482
P474,CRN483
P475,CRN484
P476,CRN485
P477,CRN515
P478,CRN487
P479,CRN561
P480,CRN489
P481,CRN490
P482,CRN491
P483,CRN492
P484,CRN515
P485,CRN494
P486,CRN529
P487,CRN547
P488,CRN495
P488,CRN529
P489,CRN498
P490,CRN499
P491,CRN500
P492,CRN513
P493,CRN502
P494,CRN503
P495,CRN504
P496,CRN505
P497,CRN506
P498,CRN507
P499,CRN508
P500,CRN509
P501,CRN611
P502,CRN513
P503,CRN512
P504,CRN513
P505,CRN514
P506,CRN515
P507,CRN516
P508,CRN518
P509,CRN519
P510,CRN611
P511,CRN522
P512,CRN523
P513,CRN527
P514,CRN525
P515,CRN558
P516,CRN527
P517,CRN528
P518,CRN495
P518,CRN529
P519,CRN530
P520,CRN531
P521,CRN533
P522,CRN534
P523,CRN539
P524,CRN540
P525,CRN541
P526,CRN542
P527,CRN543
P527,CRN582
P528,CRN544
P529,CRN546
P529,CRN584
P530,CRN547
P531,CRN548
P532,CRN549
P533,CRN550
P534,CRN551
P535,CRN552
P536,CRN553
P537,CRN554
P538,CRN555
P539,CRN556
P540,CRN557
P541,CRN558
P542,CRN611
P543,CRN560
P544,CRN561
P545,CRN562
P546,CRN563
P547,CRN564
P548,CRN565
P549,CRN566
P550,CRN567
P551,CRN568
P552,CRN569
P553,CRN572
P554,CRN571
P555,CRN572
P556,CRN573
P557,CRN574
P558,CRN575
P559,CRN576
P560,CRN577
P561,CRN578
P562,CRN579
P563,CRN580
P564,CRN581
P565,CRN582
P566,CRN583
P567,CRN585
P568,CRN586
P569,CRN587
P570,CRN588
P571,CRN589
P572,CRN590
P573,CRN591
P574,CRN592
P575,CRN593
P576,CRN594
P577,CRN595
P578,CRN596
P579,CRN521
P579,CRN597
P580,CRN598
P581,CRN599
P582,CRN600
P583,CRN601
P584,CRN602
P585,CRN603
P586,CRN604
P586,CRN607
P587,CRN605
P587,CRN608
P588,CRN606
P588,CRN611
P589,CRN609
P590,CRN610
P591,CRN612
P592,CRN613
P593,CRN614
P594,CRN617
P595,CRN618
P596,CRN619
P596,CRN621
P597,CRN620
P765,CRN578
